<!DOCTYPE QGLVIEWER>
<QGLViewer version="2.3.4">
  <State moveCamera="false" shadeBackground="true" stereo="false" cameraBallRotation="true" loopAnimation="true" cameraMode="revolve" drawMultisampled="true" drawCornerAxis="false" materialShininess="32" light0="1" drawAxes="true" drawText2D="true" light1="1">
    <foregroundColor red="180" blue="180" green="180"/>
    <backgroundColor red="51" blue="102" green="51"/>
    <lightAmbient v2="0.1" v3="1" v0="0.1" v1="0.1"/>
    <lightDiffuse v2="0.75" v3="1" v0="0.75" v1="0.75"/>
    <lightSpecular v2="0.3" v3="1" v0="0.3" v1="0.3"/>
    <light0_Pos v2="0.75" v3="0" v0="-1" v1="1"/>
    <light1_Pos v2="-0.1" v3="0" v0="1" v1="-1"/>
    <materialEmission v2="0" v3="1" v0="0" v1="0"/>
  </State>
  <Display axisIsDrawn="false" gridIsDrawn="true" FPSIsDisplayed="false" cameraIsEdited="false"/>
  <Geometry fullScreen="false" width="954" posX="960" height="1026" posY="0"/>
  <Camera>
    <Parameters fieldOfView="0.785398" sceneRadius="5" Type="PERSPECTIVE" zNearCoefficient="0.005" orthoCoef="0.414214" zClippingCoefficient="1.73205">
      <SceneCenter x="0" y="0" z="0"/>
    </Parameters>
    <Stereo distToScreen="0.5" focusDistance="12.0711" physScreenWidth="0.4" IODist="0.062"/>
    <ManipulatedCameraFrame>
      <position x="2.60201" y="-0.201889" z="0.120215"/>
      <orientation q0="0.51786" q1="0.442915" q2="0.502958" q3="0.531678"/>
      <ManipulatedParameters transSens="1" rotSens="1" wheelSens="1" spinSens="0.3"/>
      <ManipulatedCameraParameters flySpeed="0.05">
        <flyUpVector x="0" y="1" z="0"/>
      </ManipulatedCameraParameters>
    </ManipulatedCameraFrame>
  </Camera>
  <SimDataDir dir="/home/buschmann/src/robdyn/bin"/>
</QGLViewer>
